,name,m/z,RT,Unnamed: 3,M/Z PLUS PROTON,Unnamed: 5,HB
0,Ala/Ser,176.079515095246,11.8179302435897,,177.08679109524599,,
1,Ala/Pro,186.436141936279,11.0788374705882,,187.443417936279,,
2,Valyl-Alanine,188.116023194735,7.871219816662,,189.12329919473498,,
3,Aspartyl-Glycine,190.059015639325,15.446155050526482,,191.066291639325,,
4,,,12,,203.103,PS,0.0
5,,,6,,203.14,LA,8.0
6,Glu/Gly,203.090477475253,11.8573873212121,,204.097753475253,,
7,Ala/Asn,203.09053548177,13.1481447333333,,204.09781148176998,,
8,Ala/Gly/Gly,203.426330855398,13.7068831938131,,204.43360685539798,,
9,Ala/Asp,204.074575805664,15.6994115,,205.081851805664,KG,3.0
10,Asp/Ala,204.074621208508,15.1875295871527,,205.081897208508,,
11,Valyl-Serine,204.110973110442,9.404436881082084,,205.11824911044198,VS,1.0
12,,,12.5,,207.098,TS,1.0
13,Gly/His,212.091124457643,11.8361374052631,,213.09840045764298,,
14,,,8.8,,215.139,VP,0.0
15,Asn/Leu/Pro/Ser,214.611077880859,14.5756297833333,,215.618353880859,PADK,1.0
16,Threoninyl-Proline,216.110880710213,11.407961447197085,,217.118156710213,PT,1.0
17,,,6.3,,217.154,VV,4.0
18,Ala/Ala/Gly,217.106105077243,12.17699825889185,,218.113381077243,AGA,0.0
19,Glu/Ala,218.090240224202,15.1478102333333,,219.097516224202,EA,3.0
20,Ile/Ser,218.126470184326,8.18462673999999,,219.133746184326,VT,2.0
21,,,13.8,,220.092,SN,0.0
22,,,16.2,,221.077,SD,3.0
23,,,11,,221.113,TT,1.0
24,Alanyl-Histidine,226.106564632021,10.805358779639516,,227.11384063202098,AH,11.0
25,,,7,,229.155,LP,1.0
26,Gly/Gly/Pro,229.106140645345,13.3288024333333,,230.11341664534498,,
27,Asn/Pro,229.106154886881,13.3085079666666,,230.113430886881,PN,1.0
28,Asp/Pro,230.090112829208,15.4732199270833,,231.097388829208,PD,2.0
29,Ile/Val,230.162842814127,7.539307335,,231.170118814127,VL,8.0
30,Ala/Ala/Ala,231.12156176567,10.190838,,232.12883776567,,
31,Gly/Arg,231.132929139978,16.9994615882352,,232.14020513997798,GR,2.0
32,Aspartyl-Valine,232.105833099856,13.70178597433525,,233.113109099856,VD,6.0
33,Ala/Gly/Ser,233.10100903511,12.6883759562499,,234.10828503511,TN,2.0
34,Asp/Thr,234.085161129633,15.6264853395833,,235.092437129633,,
35,,,10.7,,239.105,GY,0.0
36,Ser/His,242.101388041178,12.2564221,,243.108664041178,SH,2.0
37,Ala/Gly/Pro,243.121731058756,12.6001251333333,,244.129007058756,PGA,0.0
38,Lys/Pro,243.158228556315,15.2542223333333,,244.165504556315,KP,0.0
39,Glu/Pro,243.770049031575,14.8600885042735,,244.777325031575,PE,4.0
40,,,4.4,,245.186,LL,6.0
41,Ile/Asn,245.137354278564,9.19718782,,246.144630278564,,
42,Ile/Gly/Gly,245.137369028727,9.13748841,,246.14464502872698,VGA,1.0
43,Lys/Val,245.173754374186,13.4100908333333,,246.18103037418598,VK,4.0
44,,,8,,247.11,PM,0.0
45,Glu/Val,246.121399360232,11.9507230166666,,247.128675360232,VE,0.0
46,Asp/Leu,246.625041889988,12.3446247363261,,247.632317889988,,
47,Ala/Ala/Ser,247.116407521565,11.9301780666666,,248.123683521565,TQ,2.0
48,Lys/Thr,247.153077952067,15.5018879,,248.160353952067,TK,1.0
49,Pro/His,252.122098032633,12.1102282,,253.129374032633,,
50,,,11.9,,261.145,IE,0.0
51,,,16.5,,261.156,KN,0.0
52,Trp/Gly,261.111167907714,8.225142675,,262.118443907714,,
53,His/Leu,268.153293609619,7.679186103125,,269.160569609619,LH,5.0
54,Asn/His,269.11218363444,12.6725388666666,,270.11945963444,,
55,,,9,,272.161,PVG,0.0
56,,,15,,272.172,PR,0.0
57,Glu/Gln,274.776091342502,14.9327248222222,,275.783367342502,,
58,,,15,,276.155,EK,2.0
59,Ile/Phe,277.156685723198,4.46924433333333,,278.163961723198,,
60,Phe/Asn,279.12182335131,7.97943128151515,,280.12909935131,,
61,Phe/Asp,280.105778738168,11.0993998615384,,281.113054738168,,
62,Thr/Tyr,282.120958964029,10.0509426733333,,283.128234964029,,
63,Ala/Gly/His,283.127704911004,11.9968100095238,,284.134980911004,PAP,0.0
64,Lys/His,283.164200305938,15.5823438125,,284.171476305938,KH,0.0
65,Glu/His,284.111706542968,14.7486573,,285.118982542968,EH,0.0
66,,,8.5,,286.176,PVA,0.0
67,,,5,,288.192,VVA,2.0
68,Thr/Ala/Pro,288.155412801106,15.2376750666666,,289.162688801106,,
69,,,12,,293.135,HH,1.0
70,Ala/Asn/Pro,300.143164201216,12.4155718136363,,301.150440201216,PNA,1.0
71,Glu/Gly/Pro,301.127174886067,14.7666710666666,,302.134450886067,,
72,Ala/Asp/Pro,301.127309163411,14.6074253333333,,302.134585163411,PAD,1.0
73,,,9.4,,302.15,PW,2.0
74,Phe/His,302.138094220842,7.52274179107142,,303.145370220842,HF,2.0
75,,,18,,308.091,EGC,0.0
76,,,10.6,,310.139,YQ,2.0
77,Thr/Trp,305.137428283691,7.59549348571428,,306.144704283691,,
78,Ala/Gly/Tyr,309.467938668387,8.62188555587301,,310.47521466838697,,
79,Glu/Ala/Pro,315.142820739746,14.6261395999999,,316.150096739746,PAE,1.0
80,Asp/Pro/Ser,317.122259012858,12.8753337666666,,318.129535012858,,
81,Glu/Ala/Val,317.158294169108,10.8144288,,318.165570169108,TPT,0.0
82,Trp/Asn,318.132216722537,9.83443734358974,,319.139492722537,YH,2.0
83,,,12.65,,327.158,PNP,0.0
84,Ala/Ala/Ala/Pro,328.174160257975,9.8429706,,329.181436257975,PVN,1.0
85,,,9,,343.197,PVQ,1.0
86,Lys/Gly/His,340.185578505301,15.3631021874999,,341.192854505301,,
87,Ala/Ala/Ala/Asp,346.148580678304,13.5762159833333,,347.15585667830396,NVD,2.0
88,Glu/Ala/Glu,347.132690938313,16.5370919,,348.13996693831297,VDD,1.0
89,Ala/Asp/Gly/Pro,358.148782857259,15.6299380333333,,359.156058857259,PEN,2.0
90,,,~7,,360.166,HFG,1.0
91,Asn/Asn/Asp,360.116507394378,16.1802915,,361.123783394378,,
92,Ile/Asp/Asp,361.148153963956,16.1324961212121,,362.155429963956,VDE,1.0
93,Val/Asp/His,369.164618659741,12.6195079575757,,370.171894659741,HVD,3.0
94,,,10.5,,370.201,HTL,0.0
95,Glu/Glu/Pro,373.148237609863,17.0672773333333,,374.15551360986296,EPE,0.0
96,,,18,,382.197,VYT,0.0
97,Trp/Gly/Gly/Gly,375.153232937767,16.9240837023809,,376.16050893776696,,
98,,,10,,384.187,DLH,1.0
99,,,9,,387.188,VPDG,0.0
100,Ala/Val/Asp/Ser,391.181425306532,14.9639044444444,,392.188701306532,,
101,Adenosylmethionine,398.1372358,16.532174851666667,,399.1445118,,
102,Ala/Val/Asp/Pro,400.196145147408,12.4639503076923,,401.203421147408,,
103,,,8.2,,400.198,PHF,1.0
104,Thr/Trp/Pro,402.189853506377,8.23569902151515,,403.197129506377,PWT,2.0
105,Ala/Leu/Asn/Pro,413.227044169108,8.92148282666666,,414.234320169108,PVQA,1.0
106,Phe/Asp/His,417.164640299479,10.8950263166666,,418.171916299479,HFD,1.0
107,,,5.6,,419.213,EAVT,0.0
108,,,9.6,,423.234,PAVH,1.0
109,,,14.65,,425.167,EGYG,0.0
110,,,11.3,,428.206,PNPT,0.0
111,,,14.3,,430.23,PADK,1.0
112,,,4.6,,433.266,ISLT,0.0
113,,,9,,440.25,PPVQ,1.0
114,Ala/Asp/Gly/Tyr,423.152217865425,14.36188875,,424.15949386542496,,
115,Glu/Phe/Ala/Pro,462.211449154006,10.7938022103174,,463.218725154006,PAEF,1.0
116,,,16.3,,475.203,TPEE,2.0
117,Ala/Glu/Gln/Glu,475.191778207754,16.1377273636363,,476.199054207754,PVNF,1.0
118,,,17.2,,484.277,SPPLA,0.0
119,,,15.5,,485.2,HVDD,1.0
120,,,13.2,,489.266,DNLK,2.0
121,,,13.9,,490.25,DDLK,0.0
122,,,10.2,,499.187,MEYG,0.0
123,Asn/Asn/Ser/Tyr,496.191836548044,14.4347684857142,,497.199112548044,,
124,Asn/Leu/Asp/His,497.223903474353,11.7354350119047,,498.231179474353,,
125,Pro/Pro/Ser/Thr/Thr,501.243055725097,16.3072408666666,,502.250331725097,PEEK,2.0
126,Asp/Phe/Gln/Pro,505.217079006298,12.3452671025641,,506.22435500629797,PENF,2.0
127,,,9,,513.238,PNPW,0.0
128,,,16,,518.184,PCSPD,0.0
129,Asp/Phe/Pro/His,514.217389424641,11.3475868541666,,515.2246654246411,,
130,Asp/Leu/Phe/His,530.248530917697,8.03238571706349,,531.2558069176971,PWTQ,2.0
131,,,17.6,,553.199,TSCNE,0.0
132,,,9.3,,554.286,PNPVQ,0.0
133,,,17.2,,585.244,PNPEE,0.0
134,,,17.6,,613.159,ECDSCG,0.0
135,,,12.6,,633.26,HAGEYG,1.0
136,,,,,701.492,VKLKLT/IKKLLS,0.0
137,,,10.3,,715.303,AYNGAGY,0.0
138,,,10.2,,737.285,YDYGGY,0.0
139,,,6,,756.551,IVKIKR,0.0
140,,,10,,759.264,SNTCDYG,0.0
141,,,18,,864.53,VLLFPYL,0.0
142,,,14,,872.485,PADKTNVK,1.0
143,Gln/Thr/Trp/Pro,530.248530917697,8.03238571706349,,531.2558069176971,,
144,Glu/Glu/Glu/Lys/Trp,719.311536218366,11.9448931837606,,720.318812218366,,
145,Asp/Phe/Ile/Tyr/Tyr,719.313705093136,11.9943102384615,,720.3209810931361,,
